study_id,title,authors,year,venue,inclusion_reason
S001,"MENTOR: Metacognition-Driven Self-Evolution Framework","Liang Shan et al.",2024,arXiv,"Direct metacognitive self-assessment framework"
S002,"Can LLMs Estimate Cognitive Complexity?","Seonjeong Hwang et al.",2024,arXiv,"Empirical evaluation of metacognitive awareness gap"
S003,"Language Models Are Capable of Metacognitive Monitoring","Li Ji-An et al.",2024,arXiv,"Neuroscience-inspired quantification of metacognitive abilities"
S004,"Language Models Coupled with Metacognition Outperform Reasoning Models","Vedant Khandelwal et al.",2024,arXiv,"Empirical comparison of metacognition-enhanced models"
S005,"Metacognitive Reuse: Turning Recurring Reasoning into Behaviors","Aniket Didolkar et al.",2024,arXiv,"Novel metacognitive analysis mechanism"
S006,"MetaFaith: Faithful Natural Language Uncertainty Expression","Gabrielle Liu et al.",2024,arXiv,"Metacognition-inspired uncertainty calibration"
S007,"Metacognition and Uncertainty Communication in Humans and LLMs","Mark Steyvers & Megan Peters",2024,arXiv,"Comprehensive human-LLM metacognition comparison"
S008,"MeLA: Metacognitive LLM-Driven Architecture","Zishang Qiu et al.",2024,arXiv,"Metacognitive performance analysis framework"
S009,"Metacognitive Self-Correction for Multi-Agent Systems","Xu Shen et al.",2024,arXiv,"Real-time metacognitive error detection"
S010,"ObjexMT: Objective Extraction and Metacognitive Calibration","Hyunjun Kim et al.",2024,arXiv,"Benchmark for metacognitive assessment"
S011,"Improving Metacognition and Uncertainty Communication","Mark Steyvers et al.",2024,arXiv,"Direct study on improving metacognitive abilities"
S012,"Evaluating Fake Reasoning Bias in Language Models","Qian Wang et al.",2024,arXiv,"Metacognitive confidence under fake reasoning"
S013,"If Pigs Could Fly: Counterfactual Reasoning in LLMs","Ishwar Balappanawar et al.",2024,arXiv,"Self-Segregate prompting for metacognitive awareness"
S014,"MetaMind: Modeling Human Social Thoughts","Xuanming Zhang et al.",2024,arXiv,"Metacognition-inspired social reasoning"
S015,"Think Reflect Create: Metacognitive Learning","Wenjie Lin et al.",2024,arXiv,"Metacognitive learning framework"
S016,"Cog-Rethinker: Hierarchical Metacognitive RL","Zexu Sun et al.",2024,arXiv,"Hierarchical metacognitive reasoning"
S017,"Chain of Methodologies","Cong Liu et al.",2024,arXiv,"Leverages LLM metacognitive abilities"
S018,"Cognitive Workspace: Active Memory Management","Tao An",2024,arXiv,"Metacognitive awareness in memory"
S019,"Path Drift in Large Reasoning Models","Yuyi Huang et al.",2024,arXiv,"Metacognitive reflection for safety"
S020,"Why Distillation Can Outperform Zero-RL","Xiao Hu et al.",2024,arXiv,"Metacognitive awareness in distilled models"
S021,"Evaluating Long-Term Memory for Long-Context QA","Alessandra Terranova et al.",2024,arXiv,"Self-knowledge limits in LLMs"
S022,"Multi-faceted Analysis of Cognitive Abilities","Sohyeon Jeon & Hyung-Chul Lee",2024,arXiv,"Metacognitive reliability analysis"
S023,"Comprehension Without Competence","Zheng Zhang",2024,arXiv,"Theoretical analysis of metacognitive needs"
S024,"Thinking About Thinking: SAGE-nano","Basab Jha et al.",2024,arXiv,"Direct metacognitive structure implementation"
S025,"Pangu Embedded","Hanting Chen et al.",2024,arXiv,"Dual-system metacognitive capabilities"